name,number
Mary,4128052
Elizabeth,1646385
Patricia,1572319
Jennifer,1467664
Linda,1453065
Barbara,1434736
Margaret,1251234
Susan,1121512
Dorothy,1106990
Sarah,1081179
Jessica,1046208
Helen,1019804
Nancy,1002700
Betty,996167
Karen,985907
Lisa,965003
Anna,896736
Sandra,873955
Emily,858598
Ashley,847504
Kimberly,838235
Donna,829075
Ruth,826244
Carol,814366
Michelle,811401
Laura,796619
Amanda,786600
Melissa,754773
Rebecca,749718
Stephanie,741210
Deborah,741013
Sharon,720816
Kathleen,712213
Cynthia,709573
Amy,693251
Emma,690201
Shirley,683320
Angela,666258
Catherine,661712
Virginia,649567
Katherine,640177
Brenda,606286
Pamela,592694
Frances,590800
Nicole,588265
Christine,585159
Evelyn,583872
Samantha,576436
Alice,567319
Rachel,566172
Carolyn,555456
Janet,554890
Martha,549179
Maria,548863
Debra,548279
Marie,537154
Heather,524161
Diane,516037
Julie,508819
Joyce,507798
Grace,503168
Victoria,500162
Rose,486290
Joan,477375
Christina,477120
Kelly,471257
Olivia,471083
Lauren,469625
Ann,468642
Julia,461839
Doris,459182
Jean,455738
Judith,452826
Kathryn,452617
Lillian,449953
Mildred,447599
Hannah,439187
Megan,437186
Cheryl,436878
Andrea,435292
Sara,426518
Jacqueline,422401
Teresa,414042
Gloria,412356
Janice,403620
Theresa,401827
Madison,387071
Judy,379041
Charlotte,375139
Abigail,374171
Beverly,374023
Jane,372730
Marilyn,371222
Denise,371024
Amber,370465
Danielle,367791
Sophia,363967
Diana,360644
Brittany,358579
Natalie,357334
Ruby,355440
Irene,352691
Annie,351596
Isabella,346935
Alexis,339548
Kayla,339169
Lori,337990
Tiffany,336700
Florence,332354
Kathy,331759
Crystal,330652
Louise,330109
Tammy,329230
Lois,328756
Bonnie,322686
Anne,322160
Taylor,321914
Phyllis,320672
Erin,312546
Ella,312449
Josephine,310396
Alyssa,307826
Allison,301373
Eleanor,294624
Shannon,293689
Peggy,291089
Edna,291067
Tina,289528
Robin,286767
Dawn,286643
Audrey,286028
Clara,283131
Rita,280186
Wanda,279441
Ava,279233
Paula,278728
Ethel,277139
Norma,275455
Ellen,273649
Marjorie,269994
Eva,269521
Jamie,268257
Leslie,267658
Edith,267168
Carrie,264283
Connie,264197
Gladys,263649
Hazel,262894
Valerie,261285
Wendy,260586
Esther,258753
Elaine,258272
Courtney,255923
Cindy,255080
Vanessa,254653
Brianna,254223
Monica,248868
Melanie,248634
Tracy,248224
Jasmine,247494
Mia,240995
Sylvia,240389
April,239107
Katie,237711
Sheila,235922
Alexandra,235004
Caroline,232501
Leah,231273
Erica,229914
Sherry,227269
Alicia,226353
Pauline,224032
Thelma,223256
Lucille,222323
Michele,221029
Veronica,219140
Kristen,216908
Suzanne,216663
Chloe,214897
Morgan,214876
Anita,211442
Vivian,210774
Joanne,209043
Dolores,208535
Lucy,207106
Rhonda,206381
Jill,206148
Geraldine,205756
Lorraine,205718
Juanita,205185
Amelia,204752
Bertha,204661
Darlene,201155
Sally,200540
Holly,200493
Gail,199849
June,192480
Dana,191769
Claire,190905
Brooke,190769
Beatrice,190428
Madeline,190346
Eileen,186893
Debbie,185168
Marion,184448
Renee,183636
Ida,182735
Regina,179244
Lynn,179059
Bernice,178483
Stella,177971
Kristin,177476
Jo,177279
Kim,176536
Elsie,176019
Gertrude,175607
Rosa,174601
Tara,173287
Savannah,171930
Loretta,171445
Lydia,170169
Sydney,169420
Roberta,169181
Bessie,168122
Jessie,167880
Cassandra,167796
Cathy,167334
Molly,166863
Annette,165784
Naomi,164699
Kaitlyn,163390
Hailey,163290
Laurie,163136
Jeanne,161087
Jeanette,160928
Stacy,160746
Chelsea,160253
Colleen,160213
Alma,159868
Beth,157445
Rosemary,157405
Minnie,156511
Nora,156492
Haley,155484
Lindsey,154791
Lillie,153899
Agnes,153881
Georgia,153847
Joann,153727
Pearl,152872
Yvonne,152804
Lily,152506
Vicki,151156
Gina,149621
Carla,147943
Destiny,146858
Kelsey,146676
Shelby,145576
Nellie,145284
Stacey,145171
Willie,144950
Violet,144418
Jenna,144316
Heidi,143951
Terri,143877
Daisy,143617
Sue,143049
Maureen,142099
Paige,140064
Arlene,139825
Lena,139479
Sofia,139098
Cora,139078
Faith,138583
Vera,138552
Carmen,138359
Wilma,137681
Sabrina,137469
Joy,136248
Constance,135989
Marian,135951
Myrtle,135426
Kristina,135225
Gabrielle,133308
Deanna,132586
Katelyn,131769
Melinda,131461
Mabel,131409
Avery,131375
Jordan,131340
Marcia,131198
Mackenzie,129938
Charlene,129864
Zoe,129575
Kaylee,129431
Tamara,128617
Mattie,128440
Nina,127920
Marlene,127916
Sadie,127465
Lindsay,127183
Viola,127133
Claudia,126629
Alexa,126473
Autumn,125587
Addison,125272
Jennie,124490
Erika,123133
Isabel,121198
Angelina,120138
Priscilla,119855
Gwendolyn,119464
Marissa,118994
Tonya,118803
Gabriella,117616
Patsy,116972
Maggie,116684
Delores,115965
Aubrey,115055
Tanya,114775
Sophie,114760
Genevieve,114188
Alison,112149
Riley,111798
Kylie,111648
Miranda,110702
Miriam,110418
Yolanda,109985
Caitlin,109956
Carole,108569
Mariah,108399
Vickie,107902
Mae,107500
Maxine,107374
Jocelyn,106624
Glenda,106521
Leona,106379
Joanna,105559
Brooklyn,105507
Margie,104201
Brandy,104042
Makayla,103055
Ana,102955
Ariana,102938
Marsha,102166
Dora,102034
Bailey,100557
Brandi,99651
Billie,99102
Kara,99007
Maya,98799
Cecilia,98684
Melody,98525
Katrina,98211
Bethany,97635
Alexandria,97573
Toni,97185
Hattie,96707
Sierra,96572
Christy,96071
Whitney,95831
Kay,95659
Kendra,95571
Angel,95284
Penny,95277
Natasha,95044
Terry,95004
Ada,94651
Meghan,93636
Madelyn,93180
Briana,93179
Isabelle,93016
Arianna,92740
Dianne,92461
Layla,92026
Aaliyah,90711
Jenny,90496
Hope,90257
Bridget,90084
Harper,90040
Felicia,89228
Adriana,89154
Karla,88918
Marguerite,88814
Angelica,88424
Zoey,88184
Lola,87881
Jackie,87770
Bobbie,86398
Blanche,86040
Harriet,85724
Velma,85197
Jade,85147
Tracey,84841
Becky,84078
Iris,83980
Geneva,83887
Nevaeh,82720
Jacquelyn,82662
Misty,82446
Sherri,82333
Candace,82169
Lula,82157
Kate,81975
Fannie,81907
Susie,81900
Shelly,81753
Elena,81731
Kristine,81656
Desiree,81395
Jillian,80868
Breanna,80831
Rachael,80736
Brittney,79623
Gabriela,79353
Summer,78933
Hilda,77608
Trinity,77506
Jodi,77382
Sheryl,76920
Rosie,76755
Monique,76457
Antoinette,76335
Camila,76228
Eunice,75728
Casey,75611
Mamie,75297
Kristi,74888
Lynda,74816
Kennedy,74390
Peyton,74390
Meredith,74179
Gracie,73408
Kelli,73284
Rebekah,72941
Krystal,72742
Bianca,71927
Beulah,71725
Krista,71685
Janie,71444
Genesis,71133
Rosalie,71111
Shelley,70706
Irma,70678
Ariel,70365
Skylar,70311
Penelope,69624
Scarlett,69231
Gianna,69033
Belinda,69001
Alberta,68340
Camille,68325
Kristy,67969
Valeria,67950
Elise,67563
Jeannette,67559
Cheyenne,67267
Adrienne,66927
Verna,66805
Sandy,66373
Ellie,66278
Natalia,66047
Opal,65926
Guadalupe,65472
Ramona,65366
Faye,65353
Lila,65263
Candice,65233
Sonia,64512
Jada,64407
Della,64383
Carly,64130
Bella,64113
Inez,64031
Flora,63649
Angie,63124
Aurora,62067
Marianne,61554
Sonya,61538
Nichole,61209
Yvette,61076
Lee,60508
Daniela,60471
Patty,60436
Marcella,60381
Josie,60343
Lynne,59919
Gayle,59887
Myra,59742
Serenity,59323
Juliana,59278
Sheri,59139
Mckenzie,59074
Robyn,58864
Adeline,58854
Olga,58851
Callie,58849
Maryann,58634
Annabelle,58581
Kendall,58569
Karina,58396
Celeste,58288
Alana,57976
Abby,57605
Liliana,57446
Cecelia,56876
Tabitha,56847
Lilly,56598
Kari,56444
Aria,56317
Cassidy,56249
Kaitlin,55896
Olive,55353
Eliza,55249
Alisha,55143
Celia,54537
Jordyn,54509
Mya,54467
Roxanne,54382
Mallory,54119
Janelle,54024
Ivy,53999
Payton,53618
Rylee,53603
Jody,53566
Mikayla,53462
Reagan,53315
Dianna,53254
Jan,53108
Erma,52959
Muriel,52463
Eloise,52180
Johanna,52007
Aimee,51660
Gretchen,51540
Mable,51351
Lana,51298
Kirsten,51204
Allyson,51106
Caitlyn,50808
Bernadette,50597
Estelle,50486
Lacey,50485
Traci,50464
Selena,50227
Cara,50111
Alejandra,49566
Lora,49507
Nadine,49499
Vicky,49487
Kiara,49025
Michaela,48940
Tessa,48869
Henrietta,48839
Kellie,48815
Cristina,48802
Raquel,48675
Corinne,48407
Hayley,48301
Dominique,48286
Allie,47926
Nettie,47636
Jaime,47474
Leila,47406
Marisa,47385
Sallie,47275
Kylee,47263
Rosemarie,46875
Kerry,46795
Johnnie,46779
Janis,46725
Elisabeth,46364
Mila,46021
Esmeralda,45851
Mollie,45841
Shelia,45804
Eula,45780
Piper,45566
Ashlyn,45217
Lucia,45167
Anastasia,45135
Betsy,45000
Jaclyn,44923
Adrianna,44511
Rochelle,44174
Doreen,44168
Kelley,44132
Maude,44106
Latoya,44022
Mercedes,43984
Laurel,43893
Christie,43710
Shawna,43615
Lottie,43575
Carolina,43547
Elisa,43394
Cassie,43357
Patti,43334
Jasmin,43026
May,42891
Julianna,42852
Ernestine,42566
Giselle,42501
Alexia,42470
Paulette,42450
Lorena,42140
Teri,42083
Ginger,41960
Laverne,41852
Jana,41781
Ashlee,41658
Eliana,41618
Mona,41518
Jazmin,41192
Effie,41188
Winifred,41038
Aubree,41029
Freda,40956
Alaina,40863
Nadia,40767
Delilah,40543
Makenzie,40497
Serena,40346
Aliyah,40264
Jayla,40215
Paisley,40016
Leticia,39890
Dixie,39836
Raven,39697
Meagan,39669
Khloe,39642
Lynette,39523
Pat,39522
Madeleine,39522
Katharine,39504
Shari,39446
Luna,39361
Mandy,39342
Mindy,39264
Ollie,39192
Kyla,38968
Etta,38676
Clarissa,38562
Tricia,38270
Darla,38093
Mckenna,37816
Leigh,37754
Essie,37631
Alondra,37571
Margarita,37544
Nikki,37538
Yesenia,37406
Lorene,37342
Delaney,37250
Emilia,37210
Ebony,37191
Ora,37126
Bettie,37024
Lela,37017
Stacie,36986
Jewel,36937
Addie,36803
Kristie,36770
Justine,36558
Tami,36486
Daphne,36440
Trisha,36435
Hanna,36371
Alissa,36366
Adele,36271
Helena,36048
Valentina,36036
Marina,36002
Jazmine,36002
London,35999
Lizzie,35765
Bonita,35702
Estella,35659
Sonja,35642
Kimberley,35599
Tori,35540
Rena,35511
Kerri,35340
Marla,35333
Aileen,35306
Sasha,35305
Brielle,35241
Mariana,35218
Kira,35207
Athena,35198
Noelle,34952
Cheri,34860
Fern,34622
Eden,34447
Iva,34445
Tammie,34162
Laila,34069
Sherrie,34006
Reese,33990
Stefanie,33939
Kyra,33932
Bette,33895
Dakota,33709
Jeannie,33702
Willow,33528
Tasha,33495
Melba,33316
Deloris,33294
Britney,33263
Lucinda,33257
Francine,33205
Lucile,33175
Goldie,33034
Delia,33009
Ronda,33006
Quinn,32986
Tatiana,32737
Lou,32690
Ciara,32616
Pam,32567
Marisol,32253
Leilani,32188
Reba,32188
Amaya,32178
Fatima,32130
Alisa,32111
Brooklynn,32092
Phoebe,32089
Lesley,32057
Patrice,32033
Therese,32016
Dorothea,31984
Lea,31725
Alina,31627
Charity,31336
Lenora,31293
Kayleigh,31271
Angeline,31186
Ina,31180
Tia,31177
Shawn,31082
Rachelle,31045
Tracie,30890
Janine,30874
Diamond,30809
Hadley,30601
Savanna,30550
Christa,30483
Kasey,30449
Helene,30443
Antonia,30418
Lyla,30352
Kassandra,30301
Fay,30193
Mayra,30158
Keri,30120
Asia,30088
Dena,30067
Ashleigh,29913
Janette,29801
Juliet,29671
Matilda,29593
Jolene,29531
Frankie,29498
Myrna,29477
Trina,29305
Elsa,29133
Katelynn,29102
Francesca,29097
Makenna,29079
Julianne,28881
Shayla,28855
Chelsey,28847
Latasha,28845
Hallie,28633
Kinsley,28477
Millie,28468
Cherie,28426
Daniella,28354
Elva,28248
Clare,28248
Alivia,28171
Macy,28168
Luella,28121
Ola,28027
Keira,27938
Paris,27797
Alyson,27796
Ximena,27678
Haylee,27666
Alayna,27638
Angelique,27627
Cathleen,27453
Eugenia,27406
Talia,27291
Cleo,27252
Shana,27245
Brenna,27178
Gwen,27152
Randi,27014
Polly,27009
Cameron,26642
Tiana,26589
Hayden,26576
Juliette,26560
Alta,26556
Carissa,26521
Lara,26491
Sienna,26470
Leola,26382
Fiona,26378
Jewell,26316
Ryleigh,26312
Camryn,26283
Harmony,26205
Leanne,26191
Imogene,26174
Izabella,26137
Karin,26135
Debora,26109
Shauna,26048
Arielle,25892
Aniyah,25864
Dina,25827
Joni,25669
Sondra,25641
Cierra,25639
Heaven,25639
Tania,25634
Logan,25628
Kailey,25510
Rosetta,25492
Hillary,25487
Shanna,25461
Ingrid,25387
Adelaide,25305
Candy,25255
Lorna,25202
Francis,25179
Willa,25153
Harley,25017
Kali,25015
Evangeline,24849
Marley,24668
Nannie,24664
Jayne,24424
Nell,24401
Jodie,24362
Isla,24330
Susanne,24322
Ryan,24260
Eve,24183
Skyler,24072
Simone,24009
Staci,23917
Glenna,23844
Greta,23820
Emery,23777
Luz,23719
Kenya,23653
Jenifer,23580
Rhoda,23532
Imani,23488
Elaina,23303
Lexi,23286
Taryn,23255
Trudy,23250
Elvira,23216
Leanna,23209
Emilie,23154
Frieda,23094
Ashlynn,23030
Rosalind,22968
Kiana,22893
Brynn,22846
Charlie,22836
Selma,22797
Jeannine,22733
Julissa,22717
Blanca,22347
Chasity,22318
Presley,22294
Norah,22242
Malia,22136
Emerson,22087
Aisha,22034
Bettye,21997
Jeanine,21979
James,21916
Emilee,21903
Paola,21852
Maribel,21798
Lizbeth,21633
Teagan,21627
Bobbi,21556
Tamika,21426
Ayla,21418
Jimmie,21312
Clarice,21287
Tiara,21266
Viviana,21248
Chris,21194
Leann,21158
Nola,21134
Maritza,21124
Adalynn,21119
Hilary,20953
Alanna,20945
Bernadine,20937
Larissa,20929
Lenore,20921
Camilla,20897
Flossie,20862
Ericka,20819
Everly,20805
Nia,20776
Jayden,20690
John,20640
Adalyn,20570
Audra,20563
Kamryn,20522
Virgie,20515
Jeri,20510
Latonya,20439
Deana,20436
Nova,20381
Harriett,20328
Robbie,20305
Mara,20303
Kaylie,20302
Dale,20276
Bridgette,20197
Sidney,19968
Lorie,19907
Tonia,19888
Cadence,19877
Lauryn,19866
Keisha,19851
Margo,19843
Jami,19818
Ladonna,19694
Elnora,19590
Winnie,19559
Carmela,19514
India,19496
Cornelia,19460
Maddison,19439
Marcy,19312
Christi,19258
Kiera,19188
Elma,19187
Robert,19184
Michael,19177
Sheena,19164
Noemi,19151
Baylee,19056
Alessandra,19047
Tatum,18960
Colette,18888
Dorthy,18872
Londyn,18788
Emely,18744
Madalyn,18708
Skye,18704
Nelda,18651
Jayda,18645
Rene,18499
Brianne,18465
Kassidy,18426
Gale,18413
Angelia,18413
Rylie,18386
Cecile,18381
Rae,18378
Raegan,18352
Mavis,18321
Ila,18301
Sage,18267
Nayeli,18260
Perla,18168
Terrie,18141
Karissa,18103
Malinda,18092
Abbie,17995
Rosalyn,17893
Tabatha,17844
Dollie,17798
Darcy,17776
Letha,17752
Mikaela,17748
Macie,17729
Dolly,17721
Kaylin,17712
Parker,17707
Kyleigh,17682
Kiley,17673
Ruthie,17659
Neva,17646
Noreen,17597
Yasmin,17590
